<?xml version="1.0" encoding="UTF-8"?>
<project-private xmlns="http://www.netbeans.org/ns/project-private/1">
    <editor-bookmarks xmlns="http://www.netbeans.org/ns/editor-bookmarks/2" lastBookmarkId="0"/>
    <open-files xmlns="http://www.netbeans.org/ns/projectui-open-files/2">
        <group>
            <file>file:/C:/Users/hp/Documents/NetBeansProjects/JavaApplication2/src/javaapplication2/DiscountsInternalFrame.java</file>
            <file>file:/C:/Users/hp/Documents/NetBeansProjects/JavaApplication2/src/javaapplication2/ProductsInternalFrames/ProductschoiceSeletion.java</file>
            <file>file:/C:/Users/hp/Documents/NetBeansProjects/JavaApplication2/src/javaapplication2/ProductsInternalFrames/CakesInternalFrame.java</file>
            <file>file:/C:/Users/hp/Documents/NetBeansProjects/JavaApplication2/src/javaapplication2/PasteriesInternalFrame.java</file>
            <file>file:/C:/Users/hp/Documents/NetBeansProjects/JavaApplication2/src/javaapplication2/Catering.java</file>
            <file>file:/C:/Users/hp/Documents/NetBeansProjects/JavaApplication2/src/javaapplication2/Services.java</file>
            <file>file:/C:/Users/hp/Documents/NetBeansProjects/JavaApplication2/src/javaapplication2/shippingClass.java</file>
            <file>file:/C:/Users/hp/Documents/NetBeansProjects/JavaApplication2/src/javaapplication2/Bakery.java</file>
            <file>file:/C:/Users/hp/Documents/NetBeansProjects/JavaApplication2/src/javaapplication2/DashBoard1.java</file>
            <file>file:/C:/Users/hp/Documents/NetBeansProjects/JavaApplication2/src/javaapplication2/DrinksInternalFrame.java</file>
            <file>file:/C:/Users/hp/Documents/NetBeansProjects/JavaApplication2/src/javaapplication2/Cakes.java</file>
            <file>file:/C:/Users/hp/Documents/NetBeansProjects/JavaApplication2/src/javaapplication2/Signup.java</file>
            <file>file:/C:/Users/hp/Documents/NetBeansProjects/JavaApplication2/src/javaapplication2/Customer.java</file>
            <file>file:/C:/Users/hp/Documents/NetBeansProjects/JavaApplication2/src/javaapplication2/Renderer.java</file>
            <file>file:/C:/Users/hp/Documents/NetBeansProjects/JavaApplication2/src/javaapplication2/Dashboard1JForm.java</file>
            <file>file:/C:/Users/hp/Documents/NetBeansProjects/JavaApplication2/src/javaapplication2/myTableCellRenderer.java</file>
            <file>file:/C:/Users/hp/Documents/NetBeansProjects/JavaApplication2/src/javaapplication2/CustomOrder.java</file>
            <file>file:/C:/Users/hp/Documents/NetBeansProjects/JavaApplication2/src/javaapplication2/Product.java</file>
            <file>file:/C:/Users/hp/Documents/NetBeansProjects/JavaApplication2/src/javaapplication2/Sweets.java</file>
            <file>file:/C:/Users/hp/Documents/NetBeansProjects/JavaApplication2/src/javaapplication2/Cart.java</file>
            <file>file:/C:/Users/hp/Documents/NetBeansProjects/JavaApplication2/src/javaapplication2/CateringClass.java</file>
            <file>file:/C:/Users/hp/Documents/NetBeansProjects/JavaApplication2/src/javaapplication2/Shipping.java</file>
            <file>file:/C:/Users/hp/Documents/NetBeansProjects/JavaApplication2/src/javaapplication2/MangeProducts.java</file>
            <file>file:/C:/Users/hp/Documents/NetBeansProjects/JavaApplication2/src/javaapplication2/Pasteries.java</file>
            <file>file:/C:/Users/hp/Documents/NetBeansProjects/JavaApplication2/src/javaapplication2/Receipt.java</file>
            <file>file:/C:/Users/hp/Documents/NetBeansProjects/JavaApplication2/src/javaapplication2/Employee.java</file>
            <file>file:/C:/Users/hp/Documents/NetBeansProjects/JavaApplication2/src/javaapplication2/Home.java</file>
            <file>file:/C:/Users/hp/Documents/NetBeansProjects/JavaApplication2/src/javaapplication2/newProducts.java</file>
            <file>file:/C:/Users/hp/Documents/NetBeansProjects/JavaApplication2/src/javaapplication2/CustomOrderClass.java</file>
            <file>file:/C:/Users/hp/Documents/NetBeansProjects/JavaApplication2/src/javaapplication2/productsInternalFrame.java</file>
            <file>file:/C:/Users/hp/Documents/NetBeansProjects/JavaApplication2/src/javaapplication2/SweetsInternalFrame.java</file>
        </group>
    </open-files>
</project-private>
